Index,Time(ms)
0,4.03079
1,4.08038
2,3.91779
3,4.11048
4,4.49957
5,4.22307
6,4.48959
7,4.0794
8,4.06453
9,4.07745
10,3.97303
11,4.81687
12,4.16063
13,4.06963
14,4.22782
15,4.54944
16,4.04239
17,4.97799
18,4.09617
19,3.99839
20,4.30457
21,4.19737
22,4.28544
23,4.02011
24,4.26281
25,6.7362
26,4.16866
27,4.32651
28,4.5368
29,4.27901
30,4.41751
31,4.47408
32,4.21874
33,4.21881
34,4.17439
35,4.62152
36,4.29033
37,4.28467
38,4.18542
39,4.57605
40,4.48889
41,4.05915
42,4.38433
43,4.76525
44,4.17516
45,4.69757
46,4.24556
47,4.40172
48,4.65686
49,4.79347
50,5.84277
51,5.0919
52,4.34892
53,4.11831
54,4.11761
55,4.22831
56,4.42861
57,4.05237
58,4.07528
59,4.09051
60,4.31757
61,4.15029
62,4.11963
63,4.95236
64,4.30017
65,4.11628
66,4.16482
67,4.34236
68,5.25149
69,4.4004
70,4.23585
71,4.32371
72,5.07779
73,6.62033
74,4.34417
75,4.75177
76,5.09679
77,4.36101
78,4.03785
79,4.07773
80,4.45089
81,4.10322
82,4.1181
83,4.40089
84,3.99008
85,3.99175
86,4.22698
87,4.19785
88,4.10343
89,3.96787
90,4.21022
91,4.65972
92,4.26798
93,4.07947
94,4.32434
95,4.05845
96,3.97345
97,4.00551
98,4.075
99,3.92121
