Index,Time(ms)
0,5.07476
1,5.29631
2,5.13411
3,5.06516
4,5.13146
5,5.13164
6,5.15733
7,5.15902
8,5.17966
9,5.03867
10,5.09524
11,5.00881
12,5.0635
13,5.05753
14,5.01603
15,5.11945
16,5.25359
17,5.08058
18,5.10298
19,5.02704
20,5.18405
21,5.26759
22,5.07974
23,5.18299
24,5.08915
25,5.00127
26,5.03633
27,5.20369
28,5.14389
29,5.05575
30,5.25631
31,5.0354
32,5.22315
33,5.01308
34,5.1546
35,5.05348
36,5.21916
37,5.0814
38,5.10599
39,5.20575
40,5.05614
41,5.34477
42,5.12728
43,5.14188
44,5.06892
45,5.19001
46,5.28645
47,5.03846
48,5.14439
49,5.29066
50,5.15161
51,5.03351
52,5.04786
53,5.01376
54,5.06378
55,5.09686
56,5.02319
57,5.04103
58,5.22676
59,5.18421
60,5.01552
61,4.99447
62,5.0559
63,5.01589
64,5.05736
65,5.05071
66,5.23698
67,5.09538
68,5.65381
69,5.27181
70,5.91636
71,5.92709
72,5.23168
73,5.14026
74,5.07803
75,5.21933
76,5.09155
77,5.2444
78,5.34363
79,5.1148
80,5.21689
81,5.03574
82,5.13044
83,4.97246
84,5.08088
85,5.05578
86,5.04968
87,5.05845
88,5.14999
89,5.18985
90,5.11349
91,5.08901
92,5.01547
93,5.10471
94,5.13626
95,5.03906
96,5.49921
97,5.10099
98,5.66163
99,5.08064
