Index,Time(ms)
0,0.372822
1,0.405563
2,0.45667
3,0.427395
4,0.436441
5,0.445639
6,0.415913
7,0.449195
8,0.435109
9,0.425541
10,0.417766
11,0.370608
12,0.413639
13,0.434548
14,0.414871
15,0.426863
16,0.43024
17,0.422836
18,0.459865
19,0.449816
20,0.405353
21,0.427765
22,0.42504
23,0.442533
24,0.397769
25,0.430691
26,0.45157
27,0.447552
28,0.473771
29,0.461618
30,0.458132
31,0.45187
32,0.416664
33,0.3934
34,0.421323
35,0.430511
36,0.449476
37,0.453143
38,0.438345
39,0.419659
40,0.416945
41,0.457151
42,0.419429
43,0.456048
44,0.410693
45,0.461599
46,0.434928
47,0.439417
48,0.428106
49,0.428326
50,0.432083
51,0.409852
52,0.433526
53,0.414761
54,0.426973
55,0.427645
56,0.433306
57,0.423658
58,0.429308
59,0.402958
60,0.406255
61,0.490854
62,0.436562
63,0.411845
64,0.431101
65,0.430731
66,0.431733
67,0.428587
68,0.407828
69,0.442072
70,0.444817
71,0.412717
72,0.380005
73,0.454235
74,0.425711
75,0.441781
76,0.428006
77,0.439357
78,0.421794
79,0.411564
80,0.454305
81,0.429348
82,0.439346
83,0.453594
84,0.444797
85,0.437272
86,0.45124
87,0.431292
88,0.442573
89,0.462941
90,0.407808
91,0.434708
92,0.45695
93,0.411735
94,0.407667
95,0.427024
96,0.432274
97,0.453744
98,0.439227
99,0.449456
