Index,Time(ms)
0,8.68747
1,8.87261
2,9.13003
3,8.66028
4,8.64268
5,8.91538
6,8.6943
7,8.66039
8,8.82927
9,8.881
10,8.6812
11,8.63626
12,8.65391
13,8.64325
14,8.90085
15,8.87072
16,8.90756
17,8.66274
18,8.74966
19,8.74928
20,8.84098
21,8.60298
22,8.89496
23,8.70866
24,8.93627
25,8.65368
26,8.60615
27,8.78257
28,8.99459
29,8.75501
30,8.74931
31,8.60717
32,8.78383
33,8.83115
34,8.89411
35,8.87793
36,9.15505
37,8.66351
38,8.68651
39,8.72292
40,8.67573
41,8.57365
42,8.70974
43,8.83394
44,8.60717
45,8.59396
46,8.75428
47,9.01037
48,8.61711
49,9.16481
50,9.18217
51,8.84356
52,8.58311
53,8.81288
54,12.7179
55,8.54392
56,8.67958
57,8.53961
58,8.67952
59,8.82219
60,8.75155
61,8.55937
62,8.56466
63,8.49216
64,8.53611
65,8.85916
66,8.54841
67,8.80597
68,8.51801
69,8.88746
70,8.54032
71,8.53026
72,8.55432
73,8.58581
74,8.62028
75,8.80864
76,8.79893
77,8.58706
78,8.58998
79,8.72866
80,8.84724
81,8.97057
82,8.87915
83,8.54355
84,8.56794
85,8.52556
86,8.58547
87,8.87512
88,8.54149
89,8.71623
90,8.77519
91,8.72427
92,8.73005
93,8.49814
94,9.29258
95,8.5361
96,8.61855
97,8.50689
98,8.58019
99,8.50931
