Index,Time(ms)
0,3.4146
1,3.51743
2,3.38522
3,3.36049
4,3.43622
5,3.42403
6,3.35722
7,3.37229
8,3.39672
9,3.36497
10,3.54555
11,3.36531
12,3.44627
13,3.37403
14,3.38937
15,3.36289
16,3.63397
17,3.4342
18,3.41013
19,3.41448
20,3.38693
21,3.61949
22,3.57122
23,3.62455
24,3.56497
25,3.67809
26,3.6298
27,3.67893
28,3.56867
29,3.65396
30,3.58982
31,3.68959
32,3.55302
33,3.57061
34,3.57351
35,3.55257
36,3.55339
37,3.55584
38,3.56205
39,3.56287
40,3.51221
41,3.37119
42,3.56182
43,3.47761
44,3.36115
45,3.43202
46,3.40886
47,3.3604
48,3.37407
49,3.39385
50,3.3756
51,3.35945
52,3.35962
53,3.37449
54,3.39862
55,3.37708
56,3.38484
57,3.36834
58,3.71865
59,3.56396
60,3.51855
61,3.69061
62,3.66951
63,3.5602
64,3.613
65,3.55299
66,3.55969
67,3.64233
68,3.65751
69,3.65396
70,3.56041
71,3.59297
72,3.57388
73,3.55808
74,3.55059
75,3.61536
76,3.55599
77,3.35595
78,3.42307
79,3.37144
80,3.43107
81,3.38208
82,3.38223
83,3.38769
84,3.3507
85,3.36129
86,3.54385
87,3.8787
88,3.3691
89,3.37014
90,3.38379
91,3.39697
92,3.48585
93,3.38839
94,3.42582
95,3.36155
96,3.35605
97,3.42337
98,3.36203
99,3.35975
